id,radius_mean,texture_mean,perimeter_mean,area_mean,smoothness_mean,compactness_mean,concavity_mean,concave_points_mean,symmetry_mean,fractal_dimension_mean,radius_se,texture_se,perimeter_se,area_se,smoothness_se,compactness_se,concavity_se,concave_points_se,symmetry_se,fractal_dimension_se,radius_worst,texture_worst,perimeter_worst,area_worst,smoothness_worst,compactness_worst,concavity_worst,concave_points_worst,symmetry_worst,fractal_dimension_worst,diagnosis
842302,17.99,10.38,122.8,1001.0,0.1184,0.2776,0.3001,0.1471,0.2419,0.07871,1.095,0.9053,8.589,153.4,0.006399,0.04904,0.05373,0.01587,0.03003,0.006193,25.38,17.33,184.6,2019.0,0.1622,0.6656,0.7119,0.2654,0.4601,0.1189,M
842517,20.57,17.77,132.9,1326.0,0.08474,0.07864,0.0869,0.07017,0.1812,0.05667,0.5435,0.7339,3.398,74.08,0.005225,0.01308,0.0186,0.0134,0.01389,0.003532,24.99,23.41,158.8,1956.0,0.1238,0.1866,0.2416,0.186,0.275,0.08902,M
84300903,19.69,21.25,130.0,1203.0,0.1096,0.1599,0.1974,0.1279,0.2069,0.05999,0.7456,0.7869,4.585,94.03,0.00615,0.04006,0.03832,0.02058,0.0225,0.004571,23.57,25.53,152.5,1709.0,0.1444,0.4242,0.4504,0.243,0.3613,0.08758,M
84348301,11.42,20.38,77.58,386.1,0.1425,0.2839,0.2414,0.1052,0.2597,0.09744,0.4956,1.156,3.445,27.23,0.00911,0.07458,0.05661,0.01867,0.05963,0.009208,14.91,26.5,98.87,567.7,0.2098,0.8663,0.6869,0.2575,0.6638,0.173,M
84358402,20.29,14.34,135.1,1297.0,0.1003,0.1328,0.198,0.1043,0.1809,0.05883,0.7572,0.7813,5.438,94.44,0.01149,0.02461,0.05688,0.01885,0.01756,0.005115,22.54,16.67,152.2,1575.0,0.1374,0.205,0.4,0.1625,0.2364,0.07678,M
843786,12.45,15.7,82.57,477.1,0.1278,0.17,0.1578,0.08089,0.2087,0.07613,0.3345,0.8902,2.217,27.19,0.00751,0.03345,0.03672,0.01137,0.02165,0.005082,15.47,23.75,103.4,741.6,0.1791,0.5249,0.5355,0.1741,0.3985,0.1244,M
844359,18.25,19.98,119.6,1040.0,0.09463,0.109,0.1127,0.074,0.1794,0.05742,0.4467,0.7732,3.18,53.91,0.004314,0.01382,0.02254,0.01039,0.01369,0.002179,22.88,27.66,153.2,1606.0,0.1442,0.2576,0.3784,0.1932,0.3063,0.08368,M
84458202,13.71,20.83,90.2,577.9,0.1189,0.1645,0.09366,0.05985,0.2196,0.07451,0.5835,1.377,3.856,50.96,0.008805,0.03029,0.02488,0.01448,0.01486,0.005412,17.06,28.14,110.6,897.0,0.1654,0.3682,0.2678,0.1556,0.3196,0.1151,M
844981,13.0,21.82,87.5,519.8,0.1273,0.1932,0.1859,0.09353,0.235,0.07389,0.3063,1.002,2.406,24.32,0.005731,0.03502,0.03553,0.01226,0.02143,0.003749,15.49,30.73,106.2,739.3,0.1703,0.5401,0.539,0.206,0.4378,0.1072,M
84501001,12.46,24.04,83.97,475.9,0.1186,0.2396,0.2273,0.08543,0.203,0.08243,0.2976,1.599,2.039,23.94,0.007149,0.07217,0.07743,0.01432,0.01789,0.01008,15.09,40.68,97.65,711.4,0.1853,1.058,1.105,0.221,0.4366,0.2075,M
845636,16.02,23.24,102.7,797.8,0.08206,0.06669,0.03299,0.03323,0.1528,0.05697,0.3795,1.187,2.466,40.51,0.004029,0.009269,0.01109,0.007591,0.0146,0.003042,19.19,33.88,123.8,1150.0,0.1181,0.1551,0.1459,0.09975,0.2948,0.08452,M
84610002,15.78,17.89,103.6,781.0,0.0971,0.1292,0.09954,0.06606,0.1842,0.06082,0.5058,0.9849,3.564,54.16,0.005771,0.04061,0.02791,0.01282,0.02008,0.004144,20.42,27.28,136.5,1299.0,0.1396,0.5609,0.3965,0.181,0.3792,0.1048,M
846226,19.17,24.8,132.4,1123.0,0.0974,0.2458,0.2065,0.1118,0.2397,0.078,0.9555,3.568,11.07,116.2,0.003139,0.08297,0.0889,0.0409,0.04484,0.01284,20.96,29.94,151.7,1332.0,0.1037,0.3903,0.3639,0.1767,0.3176,0.1023,M
846381,15.85,23.95,103.7,782.7,0.08401,0.1002,0.09938,0.05364,0.1847,0.05338,0.4033,1.078,2.903,36.58,0.009769,0.03126,0.05051,0.01992,0.02981,0.003002,16.84,27.66,112.0,876.5,0.1131,0.1924,0.2322,0.1119,0.2809,0.06287,M
84667401,13.73,22.61,93.6,578.3,0.1131,0.2293,0.2128,0.08025,0.2069,0.07682,0.2121,1.169,2.061,19.21,0.005868,0.04944,0.0543,0.0142,0.01377,0.005083,15.03,32.01,108.8,697.7,0.1651,0.7725,0.6943,0.2208,0.3596,0.1431,M
84799002,14.54,27.54,96.73,658.8,0.1139,0.1595,0.1639,0.07364,0.2303,0.07077,0.37,1.033,2.879,32.55,0.005607,0.0424,0.04741,0.0109,0.01857,0.005466,17.46,37.13,124.1,943.2,0.1678,0.6577,0.7026,0.1712,0.4218,0.1341,M
848406,14.68,20.13,94.74,684.5,0.09867,0.072,0.07395,0.05259,0.1586,0.05922,0.4727,1.24,3.195,45.4,0.005718,0.01162,0.01998,0.01109,0.0141,0.002085,19.07,30.88,123.4,1138.0,0.1464,0.1871,0.2914,0.1609,0.3029,0.08216,M
84862001,16.13,20.68,108.1,798.8,0.117,0.2022,0.1722,0.1028,0.2164,0.07356,0.5692,1.073,3.854,54.18,0.007026,0.02501,0.03188,0.01297,0.01689,0.004142,20.96,31.48,136.8,1315.0,0.1789,0.4233,0.4784,0.2073,0.3706,0.1142,M
849014,19.81,22.15,130.0,1260.0,0.09831,0.1027,0.1479,0.09498,0.1582,0.05395,0.7582,1.017,5.865,112.4,0.006494,0.01893,0.03391,0.01521,0.01356,0.001997,27.32,30.88,186.8,2398.0,0.1512,0.315,0.5372,0.2388,0.2768,0.07615,M
8510426,13.54,14.36,87.46,566.3,0.09779,0.08129,0.06664,0.04781,0.1885,0.05766,0.2699,0.7886,2.058,23.56,0.008462,0.0146,0.02387,0.01315,0.0198,0.0023,15.11,19.26,99.7,711.2,0.144,0.1773,0.239,0.1288,0.2977,0.07259,B
8510653,13.08,15.71,85.63,520.0,0.1075,0.127,0.04568,0.0311,0.1967,0.06811,0.1852,0.7477,1.383,14.67,0.004097,0.01898,0.01698,0.00649,0.01678,0.002425,14.5,20.49,96.09,630.5,0.1312,0.2776,0.189,0.07283,0.3184,0.08183,B
8510824,9.504,12.44,60.34,273.9,0.1024,0.06492,0.02956,0.02076,0.1815,0.06905,0.2773,0.4639,1.909,15.7,0.009606,0.01432,0.01985,0.01421,0.02027,0.002968,10.23,15.66,65.13,314.9,0.1324,0.1148,0.08867,0.06227,0.245,0.07773,B
8511133,15.34,14.26,102.5,704.4,0.1073,0.2135,0.2077,0.09756,0.2521,0.07032,0.4388,0.7096,3.384,44.91,0.006789,0.05328,0.06446,0.02252,0.03672,0.004394,18.07,19.08,125.1,980.9,0.139,0.5954,0.6305,0.2393,0.4667,0.09946,M
851509,21.16,23.04,137.2,1404.0,0.09428,0.1022,0.1097,0.08632,0.1769,0.05278,0.6917,1.127,4.303,93.99,0.004728,0.01259,0.01715,0.01038,0.01083,0.001987,29.17,35.59,188.0,2615.0,0.1401,0.26,0.3155,0.2009,0.2822,0.07526,M
852552,16.65,21.38,110.0,904.6,0.1121,0.1457,0.1525,0.0917,0.1995,0.0633,0.8068,0.9017,5.455,102.6,0.006048,0.01882,0.02741,0.0113,0.01468,0.002801,26.46,31.56,177.0,2215.0,0.1805,0.3578,0.4695,0.2095,0.3613,0.09564,M
852631,17.14,16.4,116.0,912.7,0.1186,0.2276,0.2229,0.1401,0.304,0.07413,1.046,0.976,7.276,111.4,0.008029,0.03799,0.03732,0.02397,0.02308,0.007444,22.25,21.4,152.4,1461.0,0.1545,0.3949,0.3853,0.255,0.4066,0.1059,M
852763,14.58,21.53,97.41,644.8,0.1054,0.1868,0.1425,0.08783,0.2252,0.06924,0.2545,0.9832,2.11,21.05,0.004452,0.03055,0.02681,0.01352,0.01454,0.003711,17.62,33.21,122.4,896.9,0.1525,0.6643,0.5539,0.2701,0.4264,0.1275,M
853201,18.61,20.25,122.1,1094.0,0.0944,0.1066,0.149,0.07731,0.1697,0.05699,0.8529,1.849,5.632,93.54,0.01075,0.02722,0.05081,0.01911,0.02293,0.004217,21.31,27.26,139.9,1403.0,0.1338,0.2117,0.3446,0.149,0.2341,0.07421,M
853401,15.3,25.27,102.4,732.4,0.1082,0.1697,0.1683,0.08751,0.1926,0.0654,0.439,1.012,3.498,43.5,0.005233,0.03057,0.03576,0.01083,0.01768,0.002967,20.27,36.71,149.3,1269.0,0.1641,0.611,0.6335,0.2024,0.4027,0.09876,M
853612,17.57,15.05,115.0,955.1,0.09847,0.1157,0.09875,0.07953,0.1739,0.06149,0.399,1.134,2.879,42.53,0.004769,0.02369,0.02204,0.01315,0.01393,0.004265,20.01,19.52,134.9,1227.0,0.1255,0.2812,0.2489,0.1456,0.2756,0.07919,M
85382601,18.65,17.6,123.7,1076.0,0.1099,0.1686,0.1974,0.1009,0.1907,0.06049,0.6289,0.6633,4.297,71.83,0.006294,0.03994,0.05554,0.01695,0.02428,0.003535,22.82,21.32,150.6,1567.0,0.1679,0.509,0.7345,0.2378,0.3799,0.09185,M
854002,11.76,21.6,74.72,427.9,0.08637,0.04966,0.01657,0.01115,0.1495,0.05888,0.4062,1.21,2.635,28.47,0.005857,0.009758,0.01168,0.007445,0.02406,0.001769,12.98,25.72,82.98,516.5,0.1085,0.08615,0.05523,0.03715,0.2433,0.06563,B
854039,18.63,25.11,124.8,1088.0,0.1064,0.1887,0.2319,0.1244,0.2183,0.06197,0.8307,1.466,5.574,105.0,0.006248,0.03374,0.05196,0.01158,0.02007,0.00456,23.15,34.01,160.5,1670.0,0.1491,0.4257,0.6133,0.1848,0.3444,0.09782,M
854253,16.74,21.59,110.1,869.5,0.0961,0.1336,0.1348,0.06018,0.1896,0.05656,0.4615,0.9197,3.008,45.19,0.005776,0.02499,0.03695,0.01195,0.02789,0.002665,20.01,29.02,133.5,1229.0,0.1563,0.3835,0.5409,0.1813,0.4863,0.08633,M
854268,14.25,21.72,93.63,633.0,0.09823,0.1098,0.1319,0.05598,0.1885,0.06125,0.286,1.019,2.657,24.91,0.005878,0.02995,0.04815,0.01161,0.02028,0.004022,15.89,30.36,116.2,799.6,0.1446,0.4238,0.5186,0.1447,0.3591,0.1014,M
854941,13.03,18.42,82.61,523.8,0.08983,0.03766,0.02562,0.02923,0.1467,0.05863,0.1839,2.342,1.17,14.16,0.004352,0.004899,0.01343,0.01164,0.02671,0.001777,13.3,22.81,84.46,545.9,0.09701,0.04619,0.04833,0.05013,0.1987,0.06169,B
855133,14.99,25.2,95.54,698.8,0.09387,0.05131,0.02398,0.02899,0.1565,0.05504,1.214,2.188,8.077,106.0,0.006883,0.01094,0.01818,0.01917,0.023,0.002302,14.99,25.2,95.54,698.8,0.09387,0.05131,0.02398,0.02899,0.1565,0.05504,M
855138,15.78,22.91,105.7,782.6,0.1155,0.1752,0.2133,0.09479,0.2096,0.07331,0.552,1.072,3.598,58.63,0.008699,0.03976,0.0525,0.01515,0.02884,0.006052,20.19,30.5,130.3,1272.0,0.1855,0.4925,0.7304,0.279,0.4414,0.1103,M
855167,13.49,22.3,86.91,561.0,0.08752,0.07698,0.04759,0.03438,0.1601,0.05849,0.2328,1.667,1.735,20.2,0.004455,0.01382,0.02095,0.01184,0.01641,0.001956,15.15,31.82,99.0,698.8,0.1162,0.1711,0.2282,0.1282,0.2871,0.06917,B
855563,14.5,10.89,94.28,640.7,0.1101,0.1099,0.08842,0.05778,0.1856,0.06402,0.6313,0.7086,4.303,55.36,0.004624,0.02332,0.02226,0.008776,0.0152,0.002808,15.7,15.98,102.8,759.4,0.1372,0.2364,0.2863,0.1388,0.2675,0.07773,B
855625,19.07,24.81,128.3,1104.0,0.09081,0.219,0.2107,0.09961,0.231,0.06343,0.9811,1.665,8.877,104.1,0.008279,0.08543,0.08614,0.03029,0.02491,0.008716,24.09,33.17,177.4,1651.0,0.1247,0.7444,0.7242,0.2493,0.467,0.1038,M
856106,13.28,20.28,87.32,545.2,0.1041,0.1436,0.09847,0.06158,0.1977,0.06731,0.347,1.386,2.416,28.53,0.008537,0.03176,0.0308,0.01235,0.02572,0.005076,17.38,28.0,113.1,907.2,0.153,0.3724,0.3664,0.1492,0.3739,0.1027,M
85638502,13.17,21.81,85.42,531.5,0.09714,0.1159,0.1021,0.07385,0.1957,0.06333,0.284,0.7055,1.954,23.35,0.004717,0.02574,0.03604,0.01553,0.01565,0.00347,15.67,29.89,105.5,740.7,0.1503,0.3904,0.3728,0.1607,0.3693,0.09618,M
857010,18.65,21.91,123.7,1076.0,0.111,0.1686,0.1974,0.1009,0.1907,0.06049,0.6289,0.6633,4.297,71.83,0.006294,0.03994,0.05554,0.01695,0.02428,0.003535,22.82,21.32,150.6,1567.0,0.1679,0.509,0.7345,0.2378,0.3799,0.09185,M
85713702,8.196,16.84,51.71,201.9,0.086,0.05943,0.01588,0.005917,0.1769,0.06503,0.1563,0.9567,1.094,8.205,0.008968,0.01646,0.01588,0.005917,0.02574,0.002582,8.964,21.96,57.26,242.2,0.1297,0.1357,0.0688,0.02564,0.3105,0.07409,B
857155,12.05,14.63,78.04,449.3,0.1031,0.09092,0.06592,0.02749,0.1675,0.06043,0.2636,0.7294,1.848,19.87,0.005488,0.01427,0.02322,0.00566,0.01428,0.002422,13.76,20.7,89.88,582.6,0.1494,0.2156,0.305,0.06548,0.2747,0.08301,B
857156,13.49,22.3,86.91,561.0,0.08752,0.07698,0.04759,0.03438,0.1601,0.05849,0.2328,1.667,1.735,20.2,0.004455,0.01382,0.02095,0.01184,0.01641,0.001956,15.15,31.82,99.0,698.8,0.1162,0.1711,0.2282,0.1282,0.2871,0.06917,B
857343,11.76,18.14,75.0,425.3,0.1109,0.078,0.04169,0.0226,0.2698,0.06818,0.4255,0.8791,2.806,30.37,0.00662,0.01529,0.01356,0.006839,0.03749,0.004169,13.75,23.39,87.97,581.1,0.1651,0.1704,0.1783,0.07297,0.4056,0.09405,B
857373,13.64,16.34,87.21,571.8,0.07685,0.06059,0.01857,0.01723,0.1353,0.05953,0.1872,0.9234,1.449,14.55,0.004477,0.01177,0.01079,0.007956,0.01325,0.002551,14.85,23.19,96.08,656.7,0.1089,0.1582,0.105,0.08586,0.2346,0.08025,B
857374,11.94,18.24,75.71,437.6,0.08261,0.04751,0.01972,0.01349,0.1868,0.0611,0.2273,0.6329,1.52,17.47,0.00721,0.00838,0.01311,0.008,0.01996,0.002635,13.1,21.33,83.67,515.6,0.1148,0.09252,0.0544,0.04919,0.2788,0.07397,B
857392,18.22,18.7,120.3,1034.0,0.1148,0.1485,0.1772,0.106,0.2092,0.0631,0.8337,1.593,4.877,98.81,0.003899,0.02963,0.03469,0.01424,0.01139,0.003769,20.6,24.16,135.1,1321.0,0.128,0.2297,0.2623,0.1325,0.3021,0.07987,M
857438,15.1,22.02,97.26,712.8,0.09056,0.07081,0.05253,0.03334,0.1616,0.05684,0.3105,0.8339,2.097,29.91,0.004675,0.0103,0.01603,0.009222,0.01095,0.001629,18.1,31.69,117.7,1030.0,0.1389,0.2057,0.2712,0.153,0.2675,0.07873,M
85759902,11.52,18.75,73.34,409.0,0.09524,0.05473,0.03036,0.02278,0.192,0.05907,0.3249,0.9591,2.183,23.47,0.008328,0.008722,0.01349,0.00867,0.03218,0.002386,12.87,22.47,81.8,506.2,0.1249,0.0872,0.09076,0.06316,0.3306,0.07036,B
857637,19.21,18.57,125.5,1152.0,0.1053,0.1535,0.1187,0.06829,0.1773,0.0568,0.7471,0.7165,4.867,91.22,0.005706,0.02636,0.02234,0.009861,0.01439,0.003368,26.14,28.14,170.1,2145.0,0.1624,0.3511,0.3879,0.2091,0.3537,0.08294,M
857793,14.71,21.59,95.55,656.9,0.1137,0.1365,0.1293,0.08123,0.2027,0.06758,0.4226,1.15,2.735,40.09,0.003659,0.02855,0.02572,0.01272,0.01797,0.004312,17.87,30.7,115.7,985.5,0.1368,0.429,0.3587,0.1834,0.3673,0.09655,M
857810,13.05,19.31,82.61,527.2,0.0806,0.03789,0.000692,0.004167,0.1819,0.05501,0.404,1.214,2.515,31.91,0.005874,0.008551,0.000692,0.004167,0.0156,0.003006,14.23,22.25,90.24,624.1,0.1021,0.06191,0.001845,0.01111,0.2439,0.06289,B
858477,8.618,11.79,54.34,224.5,0.09752,0.05272,0.02061,0.007799,0.1683,0.06871,0.156,0.4412,1.069,8.013,0.006938,0.007158,0.01372,0.00518,0.01712,0.004473,9.507,15.4,59.9,274.9,0.1733,0.1239,0.1168,0.04419,0.322,0.09026,B
858970,10.17,14.88,64.55,311.9,0.1134,0.08061,0.01084,0.0129,0.2743,0.0696,0.5158,1.441,3.312,34.62,0.007514,0.01099,0.007665,0.008193,0.04183,0.005954,11.02,17.45,69.86,368.6,0.1275,0.09866,0.02168,0.02579,0.3557,0.0802,B
858981,8.598,20.98,54.66,221.8,0.1249,0.08997,0.03107,0.02341,0.1818,0.07138,0.4068,1.355,2.787,23.81,0.01199,0.02284,0.02682,0.0177,0.02772,0.004729,9.565,27.04,62.06,273.9,0.1639,0.1698,0.09001,0.06795,0.2871,0.09242,B
859087,14.26,19.65,97.83,629.9,0.07837,0.2233,0.3009,0.07798,0.1704,0.07769,0.3661,0.6696,2.559,31.01,0.004126,0.03804,0.06373,0.01452,0.01619,0.004238,15.3,23.73,107.0,709.0,0.1082,0.3774,0.659,0.1582,0.2448,0.08808,B
859155,12.05,22.72,78.75,447.8,0.06935,0.1073,0.07943,0.02978,0.1203,0.06659,0.3305,1.431,2.408,25.12,0.007766,0.05587,0.07794,0.01463,0.0238,0.0069,14.16,28.84,94.68,615.6,0.1109,0.3229,0.3804,0.0991,0.241,0.09029,B
859223,12.68,23.84,82.69,499.0,0.1122,0.1262,0.06401,0.04608,0.1469,0.065,-0.3711,1.144,2.578,31.56,0.005445,0.02721,0.02629,0.01371,0.01584,0.004666,17.09,33.47,111.8,888.3,0.1851,0.4061,0.4024,0.1716,0.3383,0.1031,M
859283,14.78,23.94,97.4,668.3,0.1172,0.1479,0.1267,0.09029,0.1953,0.06654,0.3577,1.281,2.45,35.24,0.006703,0.0231,0.02315,0.01184,0.019,0.002492,17.31,33.39,114.6,925.1,0.1648,0.3416,0.3024,0.1614,0.3321,0.08911,M
859464,11.51,23.93,74.52,403.5,0.09261,0.1021,0.1112,0.04105,0.1388,0.0657,0.2388,2.904,1.936,16.97,0.0082,0.02982,0.05738,0.01267,0.01488,0.004738,12.48,37.16,82.28,474.2,0.1298,0.2517,0.363,0.09653,0.2112,0.08732,B
859465,11.31,19.04,71.8,394.8,0.0966,0.08643,0.06553,0.0226,0.1649,0.06572,0.301,0.9872,2.008,21.58,0.006389,0.01554,0.02075,0.007704,0.01963,0.002598,12.44,24.77,79.42,472.0,0.1339,0.2072,0.2555,0.08312,0.2869,0.08362,B
859471,9.029,17.33,58.79,250.5,0.1066,0.1413,0.1513,0.0378,0.1715,0.07631,0.2006,1.392,1.883,11.36,0.015,0.05474,0.05688,0.01309,0.02121,0.005501,10.31,22.65,65.5,324.7,0.1482,0.4365,0.5269,0.1092,0.3409,0.1159,B
859487,12.78,16.49,81.37,502.5,0.09831,0.05234,0.03653,0.02864,0.159,0.05653,0.2368,0.8732,1.471,18.33,0.007962,0.01474,0.01664,0.008277,0.01714,0.003317,13.46,19.76,85.67,554.9,0.1296,0.1206,0.1186,0.06005,0.3209,0.06912,B
859575,18.94,16.28,121.6,1128.0,0.08726,0.07944,0.06854,0.05814,0.1541,0.05808,0.7527,0.8113,5.171,92.54,0.004481,0.01683,0.01963,0.009358,0.01397,0.0022,20.96,22.03,143.1,1356.0,0.1242,0.2398,0.2269,0.1465,0.2587,0.07697,M
859711,8.888,14.64,58.74,244.0,0.09783,0.1531,0.08606,0.02872,0.1902,0.0898,0.5262,1.332,3.472,29.03,0.006824,0.04683,0.04821,0.01721,0.03605,0.007055,9.733,15.67,62.56,284.4,0.1207,0.2436,0.143,0.04766,0.2581,0.1075,B
859717,17.2,24.52,114.2,929.4,0.1071,0.183,0.2259,0.09752,0.1954,0.06406,0.73,1.385,4.797,85.41,0.005579,0.04531,0.06534,0.0118,0.02047,0.003994,23.32,33.82,151.6,1681.0,0.1585,0.7394,0.6576,0.1897,0.3313,0.1039,M
859983,13.8,15.79,90.43,584.1,0.1007,0.128,0.07789,0.05069,0.1662,0.06566,0.2787,0.6205,1.957,23.35,0.004717,0.02065,0.01759,0.009206,0.0122,0.00313,16.57,20.86,110.3,812.4,0.1411,0.3542,0.2779,0.1383,0.2589,0.103,M
8610175,12.31,16.52,79.19,470.9,0.09172,0.06829,0.03372,0.02272,0.172,0.05914,0.2505,1.025,1.74,19.68,0.00498,0.01257,0.01803,0.01008,0.01897,0.002308,14.16,21.58,90.76,618.5,0.1297,0.1507,0.1499,0.07248,0.2738,0.07695,B
8610404,16.07,19.65,104.1,817.7,0.09168,0.08424,0.09769,0.06638,0.1798,0.05391,0.7474,1.231,4.977,79.6,0.005531,0.02737,0.03691,0.01682,0.02008,0.003365,19.77,24.56,128.8,1221.0,0.1657,0.281,0.4891,0.2397,0.3927,0.08818,M
8610629,13.53,10.94,87.91,559.2,0.1291,0.1047,0.06877,0.06556,0.2403,0.06641,0.4101,1.014,2.652,32.65,0.0134,0.02839,0.01162,0.01992,0.04015,0.004042,14.08,12.49,91.36,605.5,0.1451,0.1379,0.08539,0.07404,0.3035,0.07187,B
8610637,18.05,16.15,120.2,1006.0,0.1008,0.153,0.08679,0.09494,0.2036,0.06205,0.4497,0.6129,3.483,49.77,0.005081,0.03233,0.01449,0.01583,0.02051,0.003817,22.39,18.91,150.1,1610.0,0.1478,0.5634,0.3786,0.2102,0.3751,0.1108,M
8610862,20.18,23.97,143.7,1245.0,0.1286,0.3454,0.3754,0.1604,0.2906,0.08142,0.9309,0.7291,6.727,105.0,0.007198,0.0911,0.08558,0.02907,0.03478,0.009745,23.37,31.72,170.3,1623.0,0.1639,0.6164,0.7681,0.2508,0.544,0.09964,M
8610908,12.86,18.0,83.19,506.3,0.09934,0.09546,0.03889,0.02318,0.1771,0.06085,0.2255,0.9845,1.504,18.03,0.004537,0.01395,0.01236,0.007005,0.01502,0.002364,14.24,24.82,91.88,624.9,0.1288,0.1852,0.1538,0.06945,0.274,0.07514,B
861103,11.45,20.97,73.81,401.5,0.1102,0.09362,0.04591,0.02233,0.1842,0.07005,0.3251,2.174,2.077,24.62,0.01037,0.01706,0.02586,0.007506,0.01816,0.003976,13.11,32.12,85.34,522.9,0.1621,0.222,0.2377,0.07083,0.3026,0.08558,B
8611161,13.34,15.86,86.49,520.0,0.1078,0.1535,0.1192,0.05999,0.2025,0.06994,0.2527,0.8578,1.649,22.17,0.00737,0.0361,0.03264,0.01217,0.02062,0.00444,15.53,23.19,96.66,614.9,0.1536,0.4791,0.4858,0.1708,0.3527,0.1016,M
8611555,25.22,24.91,171.5,1878.0,0.1063,0.2665,0.3339,0.1845,0.1829,0.06782,0.8973,1.474,7.382,154.0,0.005766,0.04691,0.04379,0.02741,0.01099,0.004277,30.0,33.62,211.7,2562.0,0.1573,0.6076,0.6476,0.2867,0.2355,0.1051,M
8611792,19.1,26.29,129.1,1132.0,0.1215,0.1791,0.1937,0.1469,0.1634,0.07224,0.519,2.91,5.801,67.1,0.007688,0.04,0.04098,0.02363,0.01799,0.004999,20.33,34.72,142.1,1259.0,0.1689,0.5558,0.6787,0.2425,0.3092,0.1073,M
8612399,12.0,15.65,76.95,443.3,0.09723,0.07165,0.04151,0.01863,0.2079,0.05968,0.2271,1.255,1.441,16.16,0.005969,0.01812,0.02007,0.007027,0.01972,0.002607,13.67,24.9,87.67,564.9,0.1415,0.2471,0.2857,0.1021,0.3804,0.07678,B
86135501,13.68,16.33,87.76,575.5,0.09277,0.07255,0.01752,0.0188,0.1631,0.06155,0.2046,0.8802,1.356,17.21,0.004796,0.01631,0.01525,0.009061,0.02107,0.002383,15.85,20.2,101.6,773.4,0.1264,0.1564,0.1209,0.08886,0.2808,0.07662,B
86135502,12.03,17.93,76.09,446.0,0.07683,0.03892,0.001546,0.005592,0.1382,0.06076,0.2335,0.9097,1.466,16.97,0.006829,0.008886,0.001546,0.005592,0.01844,0.002018,13.07,22.25,82.74,523.4,0.1013,0.0739,0.007732,0.02796,0.2171,0.07037,B
861598,14.58,13.66,94.29,658.8,0.09832,0.08918,0.08222,0.04349,0.1739,0.0564,0.4165,0.8601,3.102,37.5,0.007311,0.03053,0.04573,0.01559,0.01807,0.003721,16.76,17.24,108.5,862.0,0.1282,0.2657,0.3106,0.1511,0.3146,0.0749,B
861648,14.61,15.69,92.68,664.9,0.07618,0.03515,0.01447,0.01877,0.1632,0.05255,0.316,0.9115,1.954,28.9,0.005031,0.01377,0.01296,0.009794,0.01747,0.001753,16.46,21.75,103.7,840.8,0.1009,0.09567,0.07218,0.07704,0.2364,0.07614,B
861799,14.41,19.73,96.03,651.0,0.08763,0.1669,0.2078,0.08141,0.1897,0.07223,0.446,1.313,3.008,42.42,0.008623,0.0649,0.08129,0.01909,0.02111,0.007786,15.77,26.4,108.4,750.0,0.1194,0.6214,0.7828,0.2367,0.398,0.1157,M
861853,14.27,21.68,92.45,634.0,0.09986,0.1044,0.07289,0.04408,0.1517,0.06133,0.33,1.251,2.213,29.24,0.007021,0.02572,0.02957,0.01287,0.01533,0.00324,16.4,34.52,107.0,827.2,0.1564,0.392,0.3782,0.1564,0.2636,0.09458,B
862005,11.69,24.44,76.37,406.4,0.1236,0.1552,0.04515,0.04531,0.2131,0.07405,0.2957,1.978,2.158,20.95,0.01288,0.03495,0.01865,0.01766,0.0156,0.005824,12.98,32.19,86.12,487.7,0.1768,0.3251,0.1395,0.1308,0.2803,0.0997,B
86208,20.26,23.03,132.4,1264.0,0.09078,0.1313,0.1465,0.08683,0.2095,0.05649,0.7576,1.509,4.554,87.87,0.006016,0.03482,0.04232,0.01269,0.02657,0.004411,24.22,31.59,156.1,1750.0,0.119,0.3539,0.4098,0.1573,0.3689,0.08368,M
86211,12.18,17.84,77.79,451.1,0.1045,0.07057,0.0249,0.02941,0.19,0.06194,0.1744,1.393,1.183,11.6,0.005775,0.01466,0.01321,0.009761,0.01568,0.002999,12.83,20.92,82.14,495.2,0.114,0.09358,0.0498,0.05882,0.2227,0.07376,B
862261,9.787,19.94,62.11,294.5,0.1024,0.05301,0.006829,0.007937,0.135,0.0689,0.335,1.287,2.131,20.05,0.01113,0.01463,0.005308,0.00525,0.01801,0.005667,10.92,26.29,68.81,366.1,0.1316,0.09473,0.02049,0.02381,0.1934,0.08988,B
862485,11.6,12.84,74.34,412.6,0.08983,0.0757,0.0707,0.03488,0.1801,0.0652,0.4067,1.567,3.047,27.85,0.01047,0.02286,0.02701,0.01146,0.01588,0.004961,13.06,17.16,87.24,521.7,0.1688,0.2304,0.2224,0.1021,0.2688,0.09656,B
862548,14.42,19.77,94.48,642.5,0.09752,0.1141,0.09388,0.05839,0.1976,0.06176,0.2891,1.851,2.362,24.11,0.006155,0.0357,0.04077,0.01656,0.02237,0.00444,16.33,30.86,109.5,826.4,0.1431,0.3026,0.3194,0.1565,0.2718,0.09353,M
8627198,13.61,24.98,88.05,582.7,0.09488,0.08511,0.08625,0.04489,0.1609,0.05871,0.4544,1.67,2.896,36.84,0.006772,0.02449,0.03253,0.01424,0.01359,0.003395,16.99,35.27,108.6,906.5,0.1265,0.1935,0.2614,0.1057,0.2855,0.07189,B
862722,6.981,13.43,43.79,143.5,0.117,0.07568,0.0,0.0,0.193,0.07818,0.2241,1.508,1.553,9.833,0.01019,0.01084,0.0,0.0,0.02659,0.0041,7.93,19.54,50.41,185.2,0.1584,0.1202,0.0,0.0,0.2932,0.09382,B
862965,12.18,20.52,77.64,458.7,0.08013,0.04038,0.02383,0.0177,0.1739,0.05677,0.1924,1.571,1.183,14.68,0.00508,0.006098,0.01069,0.006797,0.01447,0.001532,13.09,24.92,83.53,530.4,0.107,0.08803,0.086,0.04146,0.2517,0.06837,B
862989,9.876,19.4,63.95,298.3,0.1005,0.09697,0.06154,0.03029,0.1945,0.06322,0.1796,1.222,1.236,10.76,0.005554,0.02364,0.0236,0.007804,0.01758,0.002582,10.76,26.83,72.2,356.0,0.1436,0.2559,0.2514,0.0866,0.305,0.09087,B
863030,13.11,15.56,87.21,530.2,0.1398,0.1765,0.2071,0.09601,0.1925,0.07692,0.3908,0.9238,2.41,34.66,0.007162,0.02912,0.05473,0.01388,0.01547,0.007098,16.31,22.4,106.4,827.2,0.1862,0.4099,0.6376,0.1986,0.3147,0.1405,M
863270,12.36,18.54,79.01,466.7,0.08477,0.06815,0.02643,0.01921,0.1602,0.06066,0.236,0.6656,1.67,17.43,0.008096,0.01525,0.01192,0.007083,0.01818,0.002725,13.29,27.49,85.56,544.1,0.1184,0.1963,0.1937,0.08442,0.2983,0.07185,B
86355,22.27,19.67,152.8,1509.0,0.1326,0.2768,0.3514,0.1562,0.2345,0.07061,1.214,0.8909,9.628,192.6,0.00604,0.04986,0.07304,0.01364,0.03008,0.005184,28.4,28.01,206.8,2360.0,0.1701,0.6997,0.9608,0.291,0.4055,0.09789,M
864018,11.34,21.26,72.52,396.0,0.1047,0.06348,0.02989,0.02858,0.1702,0.0596,0.2306,1.443,1.575,16.52,0.006672,0.01704,0.0169,0.01374,0.01584,0.002293,13.33,29.15,83.94,537.2,0.1587,0.2302,0.2245,0.1286,0.3042,0.0855,B
864033,9.777,16.99,62.5,290.8,0.09018,0.07211,0.04112,0.01777,0.1584,0.06375,0.2956,1.258,1.977,18.18,0.008545,0.02005,0.02637,0.01019,0.01757,0.004111,11.05,21.47,71.68,367.0,0.1467,0.1765,0.1664,0.07113,0.2857,0.08951,B
86408,12.63,20.76,82.15,480.4,0.09933,0.1209,0.1065,0.06021,0.1735,0.0707,0.3424,1.803,2.711,27.1,0.007045,0.04169,0.05078,0.01597,0.02597,0.005476,13.33,25.47,89.0,527.4,0.1287,0.225,0.2216,0.1105,0.2226,0.08486,B
864292,14.22,23.12,94.37,609.9,0.1075,0.2413,0.1981,0.06618,0.2384,0.07542,0.286,2.11,2.112,22.2,0.008414,0.0737,0.07798,0.01694,0.03498,0.006573,15.74,37.18,106.4,762.4,0.1533,0.9327,0.8488,0.1772,0.5166,0.1446,B
864496,8.726,15.83,55.84,230.9,0.115,0.1151,0.04513,0.005592,0.2448,0.08385,0.1356,0.5091,1.204,7.499,0.007883,0.03546,0.03291,0.004166,0.02866,0.005973,9.628,19.62,64.48,284.4,0.1724,0.2364,0.156,0.03459,0.3993,0.1063,B
864685,11.93,21.53,76.53,438.6,0.09768,0.07849,0.03328,0.02008,0.1688,0.06194,0.3118,1.268,1.955,23.04,0.004802,0.01634,0.01836,0.007711,0.01768,0.00283,13.67,26.15,87.54,583.0,0.15,0.2399,0.2105,0.08941,0.2689,0.09275,B
864726,8.95,15.76,58.74,245.2,0.09462,0.1243,0.09263,0.02308,0.1305,0.07163,0.3132,0.9789,3.28,16.94,0.01835,0.0676,0.09263,0.02308,0.02384,0.005601,9.414,17.07,63.34,270.0,0.1179,0.1879,0.1544,0.03846,0.1652,0.07722,B
864877,15.75,20.25,102.6,761.3,0.1025,0.1204,0.1147,0.06462,0.1935,0.06303,0.3473,0.9209,2.244,32.19,0.004766,0.02374,0.02384,0.008637,0.01772,0.003131,19.56,30.14,125.9,1088.0,0.1552,0.448,0.3976,0.1479,0.3993,0.1064,M
865137,11.41,10.82,73.34,403.3,0.09373,0.06685,0.03512,0.02623,0.1667,0.06113,0.1408,0.4607,0.9899,10.5,0.00604,0.01529,0.01514,0.01026,0.01578,0.002118,12.82,15.97,83.74,510.5,0.1548,0.239,0.2102,0.128,0.286,0.09789,B
865156,13.4,20.52,88.64,556.7,0.1106,0.1469,0.1445,0.08172,0.2116,0.07325,0.3906,0.9306,3.093,33.67,0.005414,0.02265,0.03452,0.01334,0.01705,0.004005,16.41,29.66,113.3,844.4,0.1574,0.3856,0.5106,0.2051,0.3585,0.1109,M
865163,14.64,15.24,95.77,651.9,0.1132,0.1339,0.09966,0.07064,0.2116,0.06343,0.518,1.87,3.63,48.76,0.00842,0.03644,0.03836,0.01908,0.02083,0.002893,16.34,18.24,109.4,803.6,0.1277,0.3089,0.2604,0.1536,0.3499,0.07911,B
86517,17.95,20.01,114.2,982.0,0.08402,0.06722,0.07293,0.05596,0.2129,0.05025,0.5506,1.214,3.357,54.04,0.004024,0.008422,0.02291,0.009867,0.01802,0.001716,20.58,27.83,129.2,1261.0,0.1072,0.1202,0.2249,0.1185,0.4882,0.06111,M
865423,19.55,28.77,131.0,1207.0,0.0926,0.2063,0.1784,0.1144,0.1893,0.06232,0.8426,1.428,7.158,106.4,0.006356,0.0477,0.03851,0.0224,0.02245,0.004455,25.05,36.27,178.6,1926.0,0.1281,0.5329,0.4251,0.1941,0.2818,0.1005,M
865432,14.5,10.89,94.28,640.7,0.1101,0.1099,0.08842,0.05778,0.1856,0.06402,0.6313,0.7086,4.303,55.36,0.004624,0.02332,0.02226,0.008776,0.0152,0.002808,15.7,15.98,102.8,759.4,0.1372,0.2364,0.2863,0.1388,0.2675,0.07773,B
86561,13.85,15.18,88.99,587.4,0.09516,0.07688,0.04479,0.03711,0.211,0.05853,0.2479,0.9195,1.83,22.25,0.003829,0.01162,0.02068,0.01097,0.0234,0.001801,14.98,18.36,98.84,696.2,0.1289,0.1246,0.1864,0.09497,0.3116,0.07005,B
866083,17.91,21.02,124.4,994.0,0.123,0.2576,0.281,0.1503,0.2692,0.08096,0.7297,1.045,4.851,77.88,0.008548,0.06329,0.04732,0.02375,0.02441,0.008684,20.8,27.78,149.6,1304.0,0.1873,0.5917,0.9034,0.1964,0.3245,0.1198,M
8661601,10.6,18.95,69.28,346.4,0.09688,0.1147,0.06387,0.02642,0.1922,0.06491,0.4505,1.197,3.43,27.1,0.00747,0.03581,0.03354,0.01365,0.03504,0.003318,11.88,22.94,78.28,424.8,0.1213,0.2515,0.1916,0.07926,0.294,0.07587,B
866203,13.59,17.84,86.24,572.3,0.07948,0.04052,0.01997,0.01238,0.1573,0.0552,0.258,1.166,1.683,22.22,0.003741,0.005274,0.01065,0.005044,0.01344,0.001126,15.5,26.1,98.91,739.1,0.105,0.07622,0.106,0.05185,0.2335,0.06263,B
866458,15.1,16.39,99.58,674.5,0.115,0.1807,0.1138,0.08534,0.2001,0.06467,0.4309,1.068,2.796,39.51,0.009238,0.06599,0.04147,0.02527,0.03602,0.007355,16.11,18.33,105.9,762.6,0.1386,0.2883,0.196,0.1423,0.259,0.07779,B
866674,19.79,25.12,130.4,1231.0,0.1015,0.1589,0.2545,0.1149,0.2202,0.06113,0.4953,1.349,3.553,54.73,0.00951,0.05478,0.06971,0.02749,0.01297,0.006812,22.63,30.58,148.7,1589.0,0.1275,0.3861,0.5673,0.1732,0.3305,0.08465,M
866714,12.19,13.29,79.08,455.8,0.1066,0.09509,0.02855,0.02882,0.188,0.06471,0.2027,1.44,1.447,15.77,0.009608,0.02306,0.01463,0.01051,0.01979,0.003574,13.34,17.81,88.83,546.0,0.145,0.2208,0.1527,0.1107,0.2699,0.08093,B
8670,15.46,19.48,101.7,748.9,0.1092,0.1223,0.1466,0.08087,0.1931,0.05796,0.4743,0.7859,3.094,48.31,0.00624,0.01484,0.02813,0.01093,0.01397,0.002461,19.26,26.0,124.9,1156.0,0.1546,0.2394,0.3791,0.1514,0.2837,0.08019,M
867305,16.17,16.07,106.3,813.1,0.09107,0.1081,0.08658,0.06825,0.199,0.05705,0.3813,0.7715,2.712,39.42,0.006131,0.01808,0.02246,0.01258,0.01663,0.002388,19.2,21.07,129.9,1121.0,0.1306,0.3105,0.342,0.1878,0.384,0.08677,M
867387,15.71,13.93,102.0,761.7,0.09462,0.09462,0.07135,0.05933,0.1816,0.05723,0.4873,1.048,3.834,51.37,0.005324,0.02873,0.02839,0.0145,0.02247,0.004154,17.5,19.25,114.3,922.8,0.1223,0.1949,0.1709,0.1374,0.2723,0.07071,B
867739,20.29,21.49,132.8,1291.0,0.09258,0.1205,0.1523,0.08636,0.2356,0.05635,0.7389,0.8672,4.735,96.05,0.005724,0.0308,0.05042,0.01914,0.01766,0.003892,24.99,30.07,171.1,1931.0,0.1444,0.3886,0.5686,0.2079,0.379,0.08055,M
868202,12.77,22.47,81.72,506.3,0.09055,0.05761,0.04711,0.02704,0.1585,0.06065,0.2367,1.38,1.457,19.87,0.007499,0.01721,0.02498,0.01121,0.01655,0.002847,14.49,29.66,94.44,646.3,0.1193,0.1597,0.1971,0.08543,0.2517,0.07774,B
868223,11.71,16.67,74.72,423.6,0.1051,0.06095,0.03592,0.026,0.1339,0.05945,0.4797,1.489,3.199,33.28,0.007648,0.01389,0.01577,0.01133,0.01393,0.002222,13.33,25.48,86.1,546.7,0.1271,0.1028,0.1046,0.06968,0.1712,0.07343,B
868682,11.43,15.39,73.06,399.8,0.09639,0.06889,0.03503,0.02875,0.1734,0.05865,0.1759,0.9938,1.143,12.67,0.005133,0.01521,0.02112,0.01429,0.01634,0.00184,12.32,22.0,79.42,462.0,0.1381,0.1729,0.2264,0.105,0.2862,0.07944,B
868871,11.28,13.39,73.0,384.8,0.1164,0.1136,0.04635,0.04796,0.1771,0.06681,0.2528,0.7575,1.565,16.51,0.005838,0.02318,0.01689,0.01153,0.01453,0.003053,11.92,15.77,76.53,434.0,0.1367,0.1822,0.08669,0.08611,0.2102,0.0746,B
869218,11.47,16.03,73.02,402.7,0.09076,0.05886,0.02587,0.02322,0.1634,0.06372,0.1703,1.214,1.054,12.6,0.009776,0.01516,0.01989,0.01111,0.01886,0.002633,12.51,20.79,79.67,478.6,0.1387,0.1512,0.1198,0.09258,0.2693,0.07687,B
869224,12.9,15.92,83.74,512.2,0.08677,0.09509,0.04894,0.03088,0.1778,0.06235,0.2143,0.7712,1.541,16.64,0.005324,0.01563,0.0151,0.007584,0.01639,0.003004,14.48,21.82,97.17,643.8,0.1156,0.4137,0.3266,0.2371,0.3068,0.07957,B
869476,12.36,21.89,79.78,472.4,0.09331,0.08451,0.05094,0.02863,0.161,0.06064,0.2079,0.7857,1.445,16.05,0.005443,0.02107,0.02647,0.009921,0.01841,0.00327,13.84,27.43,89.71,588.7,0.126,0.2394,0.3097,0.1173,0.2445,0.08385,B
869691,11.8,16.58,78.99,432.0,0.1091,0.17,0.1159,0.06207,0.1882,0.0726,0.3809,0.8174,3.55,28.84,0.01164,0.06987,0.06854,0.01816,0.02724,0.006565,13.74,26.38,91.93,591.7,0.1685,0.4806,0.6198,0.2218,0.2761,0.1072,M
86973701,14.95,17.57,96.85,678.1,0.1167,0.1305,0.1539,0.08624,0.1957,0.06216,1.296,1.452,8.419,101.9,0.01,0.0348,0.06577,0.02801,0.05168,0.002887,18.55,21.43,121.4,971.4,0.1411,0.2164,0.3355,0.1667,0.3414,0.07147,M
86973702,12.72,17.67,80.98,501.3,0.07896,0.04522,0.01402,0.01835,0.1459,0.05544,0.2954,0.8836,2.109,23.24,0.007337,0.01174,0.005383,0.005623,0.0214,0.002599,13.82,20.96,88.87,586.8,0.1068,0.1368,0.112,0.07437,0.2823,0.06994,B
869931,13.74,17.91,88.12,585.0,0.07944,0.06376,0.02881,0.01329,0.1473,0.0558,0.25,0.7574,1.573,21.47,0.002838,0.01592,0.0178,0.005828,0.01329,0.001976,15.34,22.46,97.19,725.8,0.09711,0.1824,0.1564,0.06019,0.235,0.07014,B
