patient_id,pregnancies,glucose,blood_pressure,skin_thickness,insulin,bmi,diabetes_pedigree,age,diabetes_outcome
DB1001,6,148,72,35,0,33.6,0.627,50,Positive
DB1002,1,85,66,29,0,26.6,0.351,31,Negative
DB1003,8,183,64,0,0,23.3,0.672,32,Positive
DB1004,1,89,66,23,94,28.1,0.167,21,Negative
DB1005,0,137,40,35,168,43.1,2.288,33,Positive
DB1006,5,116,74,0,0,25.6,0.201,30,Negative
DB1007,3,78,50,32,88,31.0,0.248,26,Positive
DB1008,10,115,0,0,0,35.3,0.134,29,Negative
DB1009,2,197,70,45,543,30.5,0.158,53,Positive
DB1010,8,125,96,0,0,0.0,0.232,54,Positive
DB1011,4,110,92,0,0,37.6,0.191,30,Negative
DB1012,10,168,74,0,0,38.0,0.537,34,Positive
DB1013,10,139,80,0,0,27.1,1.441,57,Negative
DB1014,1,189,60,23,846,30.1,0.398,59,Positive
DB1015,5,166,72,19,175,25.8,0.587,51,Positive
DB1016,7,100,0,0,0,30.0,0.484,32,Positive
DB1017,0,118,84,47,230,45.8,0.551,31,Positive
DB1018,7,107,74,0,0,29.6,0.254,31,Positive
DB1019,1,103,30,38,83,43.3,0.183,33,Negative
DB1020,1,115,70,30,96,34.6,0.529,32,Positive
DB1021,3,126,88,41,235,39.3,0.704,27,Negative
DB1022,8,99,84,0,0,35.4,0.388,50,Negative
DB1023,7,196,90,0,0,39.8,0.451,41,Positive
DB1024,9,119,80,35,0,29.0,0.263,29,Positive
DB1025,11,143,94,33,146,36.6,0.254,51,Positive
DB1026,10,125,70,26,115,31.1,0.205,41,Positive
DB1027,7,147,76,0,0,39.4,0.257,43,Positive
DB1028,1,97,66,15,140,23.2,0.487,22,Negative
DB1029,13,145,82,19,110,22.2,0.245,57,Negative
DB1030,5,117,92,0,0,34.1,0.337,38,Negative
DB1031,5,109,75,26,0,36.0,0.546,60,Negative
DB1032,3,158,76,36,245,31.6,0.851,28,Positive
DB1033,3,88,58,11,54,24.8,0.267,22,Negative
DB1034,6,92,92,0,0,19.9,0.188,28,Negative
DB1035,10,122,78,31,0,27.6,0.512,45,Negative
DB1036,4,103,60,33,192,24.0,0.966,33,Negative
DB1037,11,138,76,0,0,33.2,0.420,35,Negative
DB1038,9,102,76,37,0,32.9,0.665,46,Positive
DB1039,2,90,68,42,0,38.2,0.503,27,Positive
DB1040,4,111,72,47,207,37.1,1.390,56,Positive
DB1041,3,180,64,25,70,34.0,0.271,26,Negative
DB1042,7,133,84,0,0,40.2,0.696,37,Negative
DB1043,7,106,92,18,0,22.7,0.235,48,Negative
DB1044,9,171,110,24,240,45.4,0.721,54,Positive
DB1045,7,159,64,0,0,27.4,0.294,40,Negative
DB1046,0,180,66,39,0,42.0,1.893,25,Positive
DB1047,1,146,56,0,0,29.7,0.564,29,Negative
DB1048,2,71,70,27,0,28.0,0.586,22,Negative
DB1049,7,103,66,32,0,39.1,0.344,31,Positive
DB1050,7,105,0,0,0,0.0,0.305,24,Negative
DB1051,1,103,80,11,82,19.4,0.491,22,Negative
DB1052,1,101,50,15,36,24.2,0.526,26,Negative
DB1053,5,88,66,21,23,24.4,0.342,30,Negative
DB1054,8,176,90,34,300,33.7,0.467,58,Positive
DB1055,7,150,66,42,342,34.7,0.718,42,Negative
DB1056,1,73,50,10,0,23.0,0.248,21,Negative
DB1057,7,187,68,39,0,37.7,0.254,41,Positive
DB1058,0,100,88,60,110,46.8,0.962,21,Negative
DB1059,0,146,82,0,0,40.5,1.781,44,Negative
DB1060,0,105,64,41,142,41.5,0.173,22,Negative
DB1061,2,84,0,0,0,0.0,0.304,21,Negative
DB1062,8,133,72,0,0,32.9,0.270,39,Positive
DB1063,5,44,62,0,0,25.0,0.587,36,Negative
DB1064,2,92,52,0,0,27.3,0.627,24,Negative
DB1065,1,88,78,40,54,32.6,0.356,22,Negative
DB1066,1,114,66,36,200,38.1,0.289,21,Negative
DB1067,8,109,76,39,114,27.9,0.640,31,Positive
DB1068,1,109,38,18,120,23.1,0.407,26,Negative
DB1069,1,91,54,25,100,25.2,0.234,23,Negative
DB1070,2,174,88,37,120,44.5,0.646,24,Positive
DB1071,2,106,56,27,165,29.0,0.426,22,Negative
DB1072,2,100,70,52,57,40.6,0.680,46,Positive
DB1073,9,89,62,0,0,22.5,0.142,33,Negative
DB1074,10,101,76,48,180,32.9,0.171,63,Negative
DB1075,2,122,52,43,158,36.2,0.816,28,Negative
DB1076,9,130,70,0,0,34.2,0.224,45,Positive
DB1077,1,100,66,15,56,23.6,0.666,26,Negative
DB1078,3,173,82,48,252,38.4,2.137,25,Positive
DB1079,8,118,72,19,0,23.1,1.476,46,Negative
DB1080,2,85,58,22,49,28.9,0.545,22,Negative
