patient_id,age,sex,chest_pain_type,resting_bp,cholesterol,fasting_blood_sugar,resting_ecg,max_heart_rate,exercise_angina,st_depression,slope,num_major_vessels,thalassemia,heart_disease_risk
PT1001,63,Male,typical_angina,145,233,true,normal,150,No,2.3,downsloping,0,fixed_defect,High Risk
PT1002,37,Male,non_anginal,130,250,false,st_t_wave_abnormality,187,No,3.5,downsloping,0,normal,High Risk
PT1003,41,Female,atypical_angina,130,204,false,normal,172,No,1.4,upsloping,0,normal,High Risk
PT1004,56,Male,atypical_angina,120,236,false,atypical_angina,178,No,0.8,upsloping,0,normal,High Risk
PT1005,57,Female,asymptomatic,120,354,false,atypical_angina,163,Yes,0.6,upsloping,0,normal,High Risk
PT1006,57,Male,asymptomatic,140,192,false,atypical_angina,148,No,0.4,flat,0,atypical_angina,High Risk
PT1007,56,Female,atypical_angina,140,294,false,normal,153,No,1.3,flat,0,normal,High Risk
PT1008,44,Male,atypical_angina,120,263,false,atypical_angina,173,No,0.0,upsloping,0,reversible_defect,High Risk
PT1009,52,Male,typical_angina,172,199,true,atypical_angina,162,No,0.5,upsloping,0,reversible_defect,High Risk
PT1010,57,Male,typical_angina,154,234,false,atypical_angina,174,No,1.6,flat,0,normal,High Risk
PT1011,54,Male,asymptomatic,140,239,false,atypical_angina,160,No,1.2,upsloping,0,normal,High Risk
PT1012,48,Female,atypical_angina,130,275,false,atypical_angina,139,No,0.2,upsloping,0,normal,High Risk
PT1013,49,Male,atypical_angina,130,266,false,atypical_angina,171,No,0.6,upsloping,0,normal,High Risk
PT1014,64,Male,typical_angina,110,211,false,normal,144,Yes,1.8,flat,0,normal,High Risk
PT1015,58,Female,typical_angina,150,283,true,normal,162,No,1.0,upsloping,0,normal,High Risk
PT1016,50,Female,atypical_angina,120,219,false,atypical_angina,158,No,1.6,flat,0,normal,High Risk
PT1017,58,Female,atypical_angina,120,340,false,atypical_angina,172,No,0.0,upsloping,0,normal,High Risk
PT1018,66,Female,typical_angina,150,226,false,atypical_angina,114,No,2.6,normal,0,normal,High Risk
PT1019,43,Male,asymptomatic,150,247,false,atypical_angina,171,No,1.5,upsloping,0,normal,High Risk
PT1020,69,Female,typical_angina,140,239,false,atypical_angina,151,No,1.8,upsloping,2,normal,High Risk
PT1021,59,Male,asymptomatic,135,234,false,atypical_angina,161,No,0.5,flat,0,reversible_defect,High Risk
PT1022,44,Male,atypical_angina,130,233,false,atypical_angina,179,Yes,0.4,upsloping,0,normal,High Risk
PT1023,42,Male,asymptomatic,140,226,false,atypical_angina,178,No,0.0,upsloping,0,normal,High Risk
PT1024,61,Male,asymptomatic,150,243,true,atypical_angina,137,Yes,1.0,flat,0,normal,High Risk
PT1025,40,Male,typical_angina,140,199,false,atypical_angina,178,Yes,1.4,upsloping,0,reversible_defect,High Risk
PT1026,71,Female,atypical_angina,160,302,false,atypical_angina,162,No,0.4,upsloping,2,normal,High Risk
PT1027,59,Male,atypical_angina,150,212,true,atypical_angina,157,No,1.6,upsloping,0,normal,High Risk
PT1028,51,Male,atypical_angina,110,175,false,atypical_angina,123,No,0.6,upsloping,0,normal,High Risk
PT1029,65,Female,atypical_angina,140,417,true,normal,157,No,0.8,upsloping,1,normal,High Risk
PT1030,53,Male,atypical_angina,130,197,true,normal,152,No,1.2,downsloping,0,normal,High Risk
PT1031,41,Female,atypical_angina,105,198,false,atypical_angina,168,No,0.0,upsloping,1,normal,High Risk
PT1032,65,Male,asymptomatic,120,177,false,normal,140,No,0.4,upsloping,0,reversible_defect,High Risk
PT1033,44,Male,atypical_angina,130,219,false,normal,188,No,0.0,upsloping,0,normal,High Risk
PT1034,54,Male,atypical_angina,125,273,false,normal,152,No,0.5,downsloping,1,normal,High Risk
PT1035,51,Male,typical_angina,125,213,false,normal,125,Yes,1.4,flat,1,normal,High Risk
PT1036,46,Female,atypical_angina,142,177,false,normal,160,Yes,1.4,downsloping,0,normal,High Risk
PT1037,54,Female,atypical_angina,132,288,true,atypical_angina,159,Yes,0.0,upsloping,1,normal,High Risk
PT1038,54,Male,atypical_angina,150,232,false,normal,165,No,1.6,upsloping,0,reversible_defect,High Risk
PT1039,65,Female,atypical_angina,155,269,false,atypical_angina,148,No,0.8,flat,0,normal,High Risk
PT1040,65,Female,asymptomatic,160,360,false,normal,151,No,0.8,upsloping,0,normal,High Risk
PT1041,51,Male,asymptomatic,140,299,false,atypical_angina,173,Yes,1.6,upsloping,0,reversible_defect,High Risk
PT1042,53,Male,atypical_angina,128,216,false,normal,115,No,0.0,upsloping,0,normal,High Risk
PT1043,45,Female,normal,110,264,false,atypical_angina,132,No,1.2,flat,0,reversible_defect,High Risk
PT1044,68,Male,asymptomatic,144,193,true,atypical_angina,141,No,3.4,flat,2,reversible_defect,Low Risk
PT1045,57,Male,normal,130,131,false,atypical_angina,115,Yes,1.2,flat,1,reversible_defect,Low Risk
PT1046,57,Female,atypical_angina,130,236,false,normal,174,No,0.0,flat,1,normal,Low Risk
PT1047,44,Male,normal,120,169,false,atypical_angina,144,Yes,2.8,downsloping,0,fixed_defect,Low Risk
PT1048,67,Male,normal,160,286,false,normal,108,Yes,1.5,flat,3,normal,Low Risk
PT1049,67,Male,normal,120,229,false,normal,129,Yes,2.6,flat,2,reversible_defect,Low Risk
PT1050,62,Female,normal,140,268,false,normal,160,No,3.6,downsloping,2,normal,Low Risk
PT1051,63,Male,normal,130,254,false,normal,147,No,1.4,flat,1,reversible_defect,Low Risk
PT1052,53,Male,normal,140,203,true,normal,155,Yes,3.1,downsloping,0,reversible_defect,Low Risk
PT1053,56,Male,normal,125,249,true,normal,144,Yes,1.2,flat,1,normal,Low Risk
PT1054,48,Male,normal,130,256,true,normal,150,Yes,0.0,upsloping,2,reversible_defect,Low Risk
PT1055,58,Male,atypical_angina,120,284,false,normal,160,No,1.8,flat,0,normal,Low Risk
PT1056,58,Male,normal,132,224,false,normal,173,No,3.2,upsloping,2,reversible_defect,Low Risk
PT1057,60,Male,normal,130,206,false,normal,132,Yes,2.4,flat,2,reversible_defect,Low Risk
PT1058,40,Male,normal,110,167,false,normal,114,Yes,2.0,flat,0,reversible_defect,Low Risk
PT1059,60,Male,atypical_angina,140,185,false,normal,155,No,3.0,flat,0,normal,Low Risk
PT1060,64,Male,normal,145,212,false,normal,132,No,2.0,flat,2,fixed_defect,Low Risk
PT1061,43,Male,normal,120,177,false,normal,120,Yes,2.5,flat,0,reversible_defect,Low Risk
PT1062,57,Male,normal,150,276,false,normal,112,Yes,0.6,flat,1,fixed_defect,Low Risk
PT1063,55,Male,normal,132,353,false,atypical_angina,132,Yes,1.2,flat,1,reversible_defect,Low Risk
PT1064,65,Female,normal,150,225,false,normal,114,No,1.0,flat,3,fixed_defect,Low Risk
PT1065,61,Female,normal,130,330,false,normal,169,No,0.0,upsloping,0,normal,Low Risk
PT1066,58,Male,atypical_angina,125,220,false,atypical_angina,144,No,0.4,flat,0,fixed_defect,Low Risk
PT1067,58,Male,normal,114,318,false,atypical_angina,140,No,4.4,downsloping,3,fixed_defect,Low Risk
PT1068,58,Female,normal,170,225,true,normal,146,Yes,2.8,flat,2,fixed_defect,Low Risk
PT1069,67,Male,atypical_angina,152,212,false,normal,150,No,0.8,flat,0,reversible_defect,Low Risk
PT1070,44,Male,normal,112,290,false,normal,153,No,0.0,upsloping,1,normal,Low Risk
PT1071,60,Male,normal,130,253,false,atypical_angina,144,Yes,1.4,upsloping,1,reversible_defect,Low Risk
PT1072,63,Female,normal,124,197,false,normal,136,Yes,0.0,flat,0,normal,Low Risk
PT1073,59,Male,normal,164,176,true,normal,90,No,1.0,flat,2,fixed_defect,Low Risk
PT1074,57,Male,normal,140,241,false,atypical_angina,123,Yes,0.2,flat,0,reversible_defect,Low Risk
PT1075,45,Male,normal,115,260,false,normal,185,No,0.0,upsloping,0,normal,Low Risk
PT1076,48,Male,normal,124,274,false,normal,166,No,0.5,flat,0,reversible_defect,Low Risk
PT1077,54,Male,normal,110,206,false,normal,108,Yes,0.0,flat,1,normal,Low Risk
PT1078,66,Female,normal,178,228,true,normal,165,Yes,1.0,flat,2,reversible_defect,Low Risk
PT1079,60,Male,normal,117,230,true,normal,160,Yes,1.4,upsloping,2,reversible_defect,Low Risk
PT1080,63,Male,normal,150,407,false,normal,154,No,4.0,flat,3,reversible_defect,Low Risk
